archive,tag,nonempty_frames,avg_det_per_frame,ap3d_03,apbev_03,oracle_recall3d_03,mean_best_iou3d_03,ap3d_05,apbev_05,oracle_recall3d_05,mean_best_iou3d_05,ap3d_07,apbev_07,oracle_recall3d_07,mean_best_iou3d_07
/home/018219422/lidar_pointcloud_compression/logs/rangedet_eval_outputs/260402_t2_maskA_stage1_uniform_q6_confirm_ep80_output_dict_24e.pkl,260402_t2_maskA_stage1_uniform_q6_confirm_ep80,238,8.14453125,0.2492193418681822,0.26464228261838896,0.5380761523046093,0.31695761102793407,0.1266224702391888,0.16793672022447897,0.31162324649298595,0.31695761102793407,0.01273569493330848,0.042759251754398805,0.0531062124248497,0.31695761102793407
